date,team,elo,w,l
20261005,DEN,1487.2,0,1
20261005,GS,1492.8,0,1
20261005,LAC,1507.2,1,0
20261005,MIA,1512.8,1,0
20261005,TOR,1487.2,0,1
20261005,UTAH,1512.8,1,0
20261006,ATL,1487.2,0,1
20261006,DEN,1487.2,0,1
20261006,DET,1507.2,1,0
20261006,GS,1492.8,0,1
20261006,LAC,1507.2,1,0
20261006,LAL,1512.8,1,0
20261006,MEM,1512.8,1,0
20261006,MIA,1512.8,1,0
20261006,MIL,1487.2,0,1
20261006,MIN,1512.8,1,0
20261006,NY,1492.8,0,1
20261006,PHI,1507.2,1,0
20261006,PHX,1492.8,0,1
20261006,SAC,1487.2,0,1
20261006,TOR,1487.2,0,1
20261006,UTAH,1512.8,1,0
