game_id,date,season_type,home,home_pts,away,away_pts
401902644,20261003,preseason,TOR,105,MIA,129
401914127,20261004,preseason,DEN,97,UTAH,109
401918010,20261004,preseason,LAC,104,GS,101
401898388,20261005,preseason,ATL,123,MEM,132
401898716,20261005,preseason,SAC,103,LAL,127
401908947,20261005,preseason,DET,109,PHX,107
401914101,20261005,preseason,PHI,120,NY,97
401914102,20261005,preseason,MIL,97,MIN,116
401898389,20261006,preseason,OKC,110,NO,116
401898390,20261006,preseason,GS,124,LAL,98
401901820,20261006,preseason,CHA,90,BKN,124
401914128,20261006,preseason,UTAH,106,DEN,117
401898391,20261007,preseason,MEM,118,ORL,122
401908620,20261007,preseason,OKC,126,MIL,128
401908939,20261007,preseason,CHI,124,PHX,117
401914123,20261007,preseason,IND,123,MIN,112
401914129,20261007,preseason,POR,123,GS,118
